image_path,caption
image_0.png,a drawing of a green pokemon with red eyes
image_1.png,a green and yellow toy with a red nose
image_2.png,a red and white ball with an angry look on its face
image_3.png,a cartoon ball with a smile on it's face
image_4.png,a bunch of balls with faces drawn on them
image_5.png,a cartoon character with a potted plant on his head
image_6.png,a drawing of a pokemon stuffed animal
image_7.png,a picture of a cartoon character with a sword
image_8.png,a drawing of a cartoon character doing a kick
image_9.png,a drawing of a girl with a boxing glove
image_10.png,a picture of a pink and yellow pokemon figure
image_11.png,a purple ball with a skull and cross bones on it
image_12.png,a cartoon picture of a green vegetable with eyes
image_13.png,an image of a cartoon character flying through the air
image_14.png,a drawing of a gray and black dragon
image_15.png,a drawing of a gray and yellow pokemon
image_16.png,a pink bird sitting on top of a white surface
image_17.png,a blue and black object with two eyes
image_18.png,a couple of pokemon standing next to each other
image_19.png,a cartoon picture of a bear holding a baseball bat
image_20.png,a drawing of a blue dragon with red eyes
image_21.png,a drawing of a blue and yellow dragon
image_22.png,a drawing of a fish with a horn on it's head
image_23.png,a fish with a horn on it's head
image_24.png,a cartoon butterfly with a sad look on its face
image_25.png,a drawing of a star with a red eye
image_26.png,a drawing of a star with a jewel in the center
image_27.png,a cartoon character with a big smile on his face
image_28.png,a green and white cartoon character with a sword
image_29.png,a drawing of a woman in a red cape
image_30.png,a yellow and black cartoon character with a big smile
image_31.png,a very cute looking pokemon character
image_32.png,a drawing of a cartoon character with wings
image_33.png,an image of a cartoon character flying through the air
image_34.png,a drawing of a bison with horns and horns
image_35.png,a red fish with a gold crown on its head
image_36.png,a drawing of a very cute looking caterpillar
image_37.png,a blue and yellow dragon flying through the air
image_38.png,a blue and white dragon with its mouth open
image_39.png,a drawing of a blue sea turtle holding a rock
image_40.png,a cartoon character with a smile on his face
image_41.png,a very cute looking pokemon with big eyes
image_42.png,a drawing of a blue and yellow dragon
image_43.png,a drawing of a yellow and white pikachu
image_44.png,a very cute looking pokemon with big eyes
image_45.png,an origami dog with a pink and blue body
image_46.png,an image of an animal with big eyes
image_47.png,an image of a cartoon character with a big smile
image_48.png,a drawing of a yellow creature with a black nose
image_49.png,a picture of a mushroom with pink eyes
image_50.png,a drawing of a cartoon character holding a knife
image_51.png,a drawing of a dragon with its mouth open
image_52.png,a drawing of a dragon with its mouth open
image_53.png,a blue and white stuffed animal sitting on top of a white surface
image_54.png,a blue and white bird with its wings spread
image_55.png,a yellow and black pokemon pokemon character
image_56.png,a yellow bird flying through the air
image_57.png,a blue and white bird with a long tail
image_58.png,a blue and white snake with horns on its head
image_59.png,a drawing of a dragon sitting on its hind legs
image_60.png,a yellow and black insect with large wings
image_61.png,a yellow and black bee with a white background
image_62.png,a cartoon character with a pink and white outfit
image_63.png,a drawing of a cat with a pink tail
image_64.png,a cartoon character with a cat like body
image_65.png,a drawing of a pink cat flying through the air
image_66.png,a drawing of a pikachu with a green leaf on its head
image_67.png,a drawing of a yellow and green pokemon
image_68.png,a drawing of a dinosaur in a dress
image_69.png,a cartoon bird with a hat on its head
image_70.png,a very cute looking pokemon sitting on top of a rock
image_71.png,a cartoon character with a fire on his back
image_72.png,a drawing of a cartoon dinosaur with its mouth open
image_73.png,a drawing of a blue and yellow pokemon
image_74.png,a drawing of a bird with its mouth open
image_75.png,a drawing of a blue and yellow pokemon
image_76.png,a brown and black animal with a white background
image_77.png,a very cute looking animal with big eyes
image_78.png,a cartoon character with big eyes and a big nose
image_79.png,a drawing of an owl with a crown on its head
image_80.png,a very cute looking cartoon character with big eyes
image_81.png,a red and yellow insect flying through the air
image_82.png,a green and yellow spider with its tongue out
image_83.png,a drawing of a red and yellow insect
image_84.png,a purple and blue dragon flying through the air
image_85.png,a cartoon bird with a bandanna on its head
image_86.png,a drawing of a blue fish with yellow eyes
image_87.png,a cartoon blue fish with a yellow fin
image_88.png,a cartoon pikachu with big eyes and big ears
image_89.png,a pink cat with brown ears sitting down
image_90.png,a pink cartoon character with big eyes
image_91.png,a drawing of a pokemon pikachu in a bowl
image_92.png,a white pokemon with a red and blue tail
image_93.png,a green bird with a red tail and a black nose
image_94.png,a cartoon bird with a scarf around its neck
image_95.png,a drawing of a sheep with a bell on its head
image_96.png,a colorful bird flying through the air
image_97.png,a bird with a long beak flying through the air
image_98.png,a cartoon sheep is kicking a soccer ball
image_99.png,a yellow and white pokemon pokemon character
image_100.png,a yellow and white cartoon character with a red eye
image_101.png,a drawing of a little girl with a flower in her hair
image_102.png,a blue cartoon character with a red nose and ears
image_103.png,a blue and white cartoon character running
image_104.png,a drawing of a cartoon character holding two green balls
image_105.png,a green and yellow cartoon character
image_106.png,a pink pokemon ball with a green leaf on top of it
image_107.png,a green turtle with a yellow flower on its head
image_108.png,a cartoon character sitting on top of a blue ball
image_109.png,a drawing of a purple cat with its mouth open
image_110.png,a cartoon monkey flying with a bone in its mouth
image_111.png,a drawing of a plant with leaves on it
image_112.png,a cartoon sunflower with a happy face
image_113.png,a green and orange insect with large eyes
image_114.png,a very cute looking cartoon character with big eyes
image_115.png,a blue cartoon character sitting on the ground
image_116.png,a drawing of a pink cat with blue eyes
image_117.png,a black and yellow pokemon type animal
image_118.png,a cartoon bird with a hat on its head
image_119.png,a cartoon character with a crown on his head
image_120.png,a drawing of a blue and green dinosaur with a pink flower on its back
image_121.png,a cartoon rat with its mouth open and it's mouth wide open
image_122.png,a drawing of a blue dragon with yellow eyes
image_123.png,a cartoon character with a magnifying glass
image_124.png,a blue cartoon character with its mouth open
image_125.png,a cartoon giraffe with a ball in its mouth
image_126.png,a very cute looking cartoon character with big eyes
image_127.png,a white ball with red glasses on top of it
image_128.png,a yellow and blue toy flying through the air
image_129.png,a pink cartoon character with a blue tail
image_130.png,a drawing of a robot like creature with blue eyes
image_131.png,a drawing of a gray and white dragon
image_132.png,a pink and black cartoon character flying through the air
image_133.png,a very cute looking bird with big wings
image_134.png,a pink dog with its mouth open and tongue out
image_135.png,a very cute looking cartoon character with big eyes
image_136.png,a drawing of a red and black robot with wings
image_137.png,a red cartoon character is flying through the air
image_138.png,a cartoon turtle sitting on top of a red ball
image_139.png,a cartoon elephant with a backpack on it's back
image_140.png,a very cute looking cartoon character with big eyes
image_141.png,a drawing of a blue and red pokemon character
image_142.png,a brown teddy bear holding a white object
image_143.png,a cartoon bear with a ring around its neck
image_144.png,a drawing of a red creature with yellow eyes
image_145.png,a cartoon of a red monster with a flame coming out of it's mouth
image_146.png,a bird with a long beak flying through the air
image_147.png,a drawing of a small animal with a pink nose
image_148.png,a brown and white animal with a pink nose
image_149.png,a drawing of a pink pokemon ball floating in the air
image_150.png,a drawing of a blue and white fish
image_151.png,a red cartoon character laying on the ground
image_152.png,a red and white bird with a yellow beak
image_153.png,a drawing of a shark with a fish in it's mouth
image_154.png,a drawing of a white and red dragon
image_155.png,a cartoon dog is standing in a pose
image_156.png,a drawing of a black and white animal with horns
image_157.png,a cartoon picture of a devil with horns and legs
image_158.png,a purple snake sitting on top of a white background
image_159.png,a blue sea horse with a yellow tail
image_160.png,a cartoon elephant with a red nose and orange ears
image_161.png,a picture of a cartoon character with a hat on
image_162.png,a pink and blue bird with big eyes
image_163.png,a drawing of a reindeer with antlers on it's head
image_164.png,a drawing of a dog holding a stick
image_165.png,a drawing of a pink cartoon character
image_166.png,a drawing of a cartoon character with a sword
image_167.png,a drawing of a cartoon character with blonde hair
image_168.png,a yellow and black cartoon character is flying
image_169.png,a cartoon character with an evil look on his face
image_170.png,a red and yellow pokemon pokemon character
image_171.png,a pink and black cartoon character flying through the air
image_172.png,a pink and white cartoon character with wings
image_173.png,a drawing of a yellow and black cat
image_174.png,a very cute looking bird with big wings
image_175.png,a drawing of a blue and purple animal
image_176.png,a very cute looking cartoon character with big eyes
image_177.png,a drawing of a cartoon character with big eyes
image_178.png,a drawing of a green pokemon with red eyes
image_179.png,a drawing of a green creature with its mouth open
image_180.png,a white and blue pokemon character with its mouth open
image_181.png,a pikachu holding a cell phone and wearing a bow tie
image_182.png,a cartoon character flying through the air
image_183.png,a cartoon character with a hat and glasses
image_184.png,a cartoon pikachu with a pink dress and a pink bow
image_185.png,a cartoon character with a backpack on his back
image_186.png,a cartoon pikachu with a big smile on his face
image_187.png,a colorful bird flying through the air
image_188.png,a drawing of a bird flying through the air
image_189.png,a green and orange cartoon character
image_190.png,a cartoon green lizard with a pink belly
image_191.png,a green and orange dragon with a long tail
image_192.png,a green pokemon sitting on top of a leaf
image_193.png,a cartoon bird with a big smile on its face
image_194.png,a drawing of a pikachu in the air
image_195.png,a drawing of a red and black pokemon
image_196.png,a drawing of a red and yellow pokemon
image_197.png,a blue and orange cartoon character holding a stuffed animal
image_198.png,a blue and orange cartoon fish with its mouth open
image_199.png,a pikachu flying with an arrow in its hand
image_200.png,a cartoon of a blue and red dragon
image_201.png,a drawing of a blue and white pokemon
image_202.png,a gray and black cat with yellow eyes
image_203.png,a black and white dog with red eyes
image_204.png,a cartoon porcupine running with its mouth open
image_205.png,a drawing of a bird with blue eyes
image_206.png,a red and white pokemon with yellow spikes
image_207.png,a drawing of a white ball with spikes on it
image_208.png,a cartoon butterfly with blue eyes and yellow wings
image_209.png,a drawing of an animal's head with spikes on it
image_210.png,a cartoon character sitting on top of a green leaf
image_211.png,a very cute looking pokemon character with big eyes
image_212.png,a cartoon bird with a green hat on its head
image_213.png,a green bird with a hat on its head
image_214.png,a drawing of a cartoon character with a hat on
image_215.png,an emote emote emote emote emote emote emote em
image_216.png,a cartoon character with a leaf on his head
image_217.png,a picture of a pokemon with a leaf on its back
image_218.png,a blue bird with a red and white beak
image_219.png,a colorful bird is standing on its hind legs
image_220.png,a drawing of an airplane flying in the sky
image_221.png,a bird with its mouth open sitting on a piece of paper
image_222.png,a yellow and brown pokemon pokemon character flying through the air
image_223.png,a drawing of a cartoon character wearing a green hat
image_224.png,a drawing of a green cat with a white dress
image_225.png,a drawing of a woman in a white dress
image_226.png,a drawing of a woman in a green and white dress
image_227.png,a blue spider with a yellow hat on it's head
image_228.png,a drawing of a bird with large eyes
image_229.png,a drawing of an octopus with a sad face
image_230.png,a drawing of a green and red pokemon
image_231.png,a cartoon slotty sleeping on its back
image_232.png,a white bird with a red beak is in the air
image_233.png,a cartoon cow laying on its back on the ground
image_234.png,a drawing of a pokemon with its mouth open
image_235.png,a drawing of an animal with a long tail
image_236.png,a cartoon character flying through the air
image_237.png,a drawing of a bird flying through the air
image_238.png,a purple cartoon character with a yellow ear
image_239.png,a cartoon character with two eyes and a mouth open
image_240.png,a blue and yellow dragon with its mouth open
image_241.png,a yellow and black pokemon pikachu with pink eyes
image_242.png,a cartoon character with a yellow shirt and blue pants
image_243.png,a blue cartoon character holding a star
image_244.png,a blue bird with a pink beak and a black nose
image_245.png,a cartoon picture of a blue pokemon with a pink flower on its head
image_246.png,a drawing of a pokemon with a flower on top of it
image_247.png,a cartoon picture of a blue and white pokemon
image_248.png,a pink and yellow animal holding a pink balloon
image_249.png,a drawing of a cat wearing a purple hat
image_250.png,a cartoon of a pink and purple object
image_251.png,a drawing of a very cute looking pokemon
image_252.png,a drawing of a woman in a pink dress with a dragon head
image_253.png,a drawing of a woman standing next to a giant animal
image_254.png,a drawing of a white and black animal with blue eyes
image_255.png,a drawing of a dragon with black and white spots
image_256.png,a drawing of a gray and white pokemon
image_257.png,a drawing of a gray and white animal
image_258.png,a cartoon character sitting in the middle of a pose
image_259.png,a drawing of a person on a ball with wings
image_260.png,a drawing of a cartoon character in a pink outfit
image_261.png,a drawing of a green and yellow dragon
image_262.png,a blue and yellow pokemon character with its mouth open
image_263.png,a very cute looking pokemon type pokemon type pokemon type pokemon type pokemon type pokemon type
image_264.png,a drawing of a blue and yellow pokemon
image_265.png,a cartoon character with a cross on it's chest
image_266.png,a cartoon of a pikachu flying through the air
image_267.png,a drawing of a bug with a re
image_268.png,a very cute looking pokemon character in a costume
image_269.png,a drawing of a cartoon character holding a flower
image_270.png,a green cartoon character with a leaf on its head
image_271.png,a purple elephant with a yellow tusk
image_272.png,a drawing of a fish with a blue and yellow face
image_273.png,a blue and yellow shark with its mouth open
image_274.png,a drawing of a shark with its mouth open
image_275.png,a drawing of a purple and green pokemon
image_276.png,a ball with a blue cap on top of it
image_277.png,a blue and white whale floating on top of a body of water
image_278.png,a cartoon giraffe sitting down with its eyes wide open
image_279.png,a drawing of a volcano with a bird on top of it
image_280.png,a cartoon picture of a pink and gray dinosaur
image_281.png,a cartoon picture of a tortoise with a cloud on its back
image_282.png,a cartoon animal with a pink ball on its head
image_283.png,a cartoon pig with a pink tail and a pink tail
image_284.png,a white and red stuffed animal with black eyes
image_285.png,a cartoon character with a broken arm
image_286.png,a green insect with two green eyes
image_287.png,a drawing of a purple dragon with spikes on it's head
image_288.png,a drawing of a green and red dragon
image_289.png,a green stuffed animal with a crown on its head
image_290.png,a green and white stuffed animal wearing a green hat
image_291.png,a blue bird flying through the sky with clouds
image_292.png,a blue bird flying through the air with clouds
image_293.png,a blue bird sitting on top of a cloud
image_294.png,a drawing of a white and red pokemon
image_295.png,a drawing of a cartoon character with a sword
image_296.png,a cartoon of a crescent moon with a pink eye
image_297.png,a yellow and orange object with large spikes
image_298.png,a cartoon character with a toothbrush in his mouth
image_299.png,a drawing of a purple and white pokemon
image_300.png,a cartoon character floating on top of a blue object
image_301.png,a red and white cartoon character with big eyes
image_302.png,a cartoon character with a star on his head
image_303.png,a drawing of a cartoon character with a pink nose
image_304.png,a black and white animal with pink eyes
image_305.png,a drawing of a purple and yellow flower
image_306.png,a green cartoon character with a big smile
image_307.png,a drawing of a cartoon character with big eyes
image_308.png,a drawing of a blue and yellow pokemon
image_309.png,a drawing of a fish with a long tongue
image_310.png,a drawing of a pink pokemon pokemon character
image_311.png,a drawing of a bird with a pink ribbon around its neck
image_312.png,a drawing of a cartoon character with big eyes
image_313.png,a drawing of a chamelon with a crown on it's head
image_314.png,a drawing of a cartoon character with blue eyes
image_315.png,a drawing of a black cat with yellow and pink wings
image_316.png,a drawing of a cat with big eyes
image_317.png,a gray and white object with a red light
image_318.png,a drawing of a robot holding a baseball bat
image_319.png,a drawing of a pokemon with a green leaf on it's back
image_320.png,a drawing of a toothbrush with a yellow top
image_321.png,a drawing of a white and blue pokemon
image_322.png,a drawing of a white and blue pokemon
image_323.png,a drawing of a pink and black pokemon character
image_324.png,a cartoon character with an angry look on his face
image_325.png,a cartoon character with a big smile on his face
image_326.png,a drawing of a white and black cat with blue eyes
image_327.png,a white and black cat mask with blue eyes
image_328.png,a blue and white cartoon character with a big smile
image_329.png,a picture of a blue bird with white wings
image_330.png,a cartoon blue bird with its mouth open
image_331.png,a picture of a cartoon character in a hole
image_332.png,a blue and orange fish with its mouth open
image_333.png,a drawing of a pink bird flying through the air
image_334.png,a picture of a fish with a red eye
image_335.png,a cartoon picture of a small furry animal
image_336.png,a drawing of a pink bird with black eyes
image_337.png,a cartoon character with a hat on his head
image_338.png,a drawing of a cat wearing a helmet
image_339.png,a drawing of a bird flying over a crescent
image_340.png,a drawing of a blue and red dragon
image_341.png,a drawing of a blue pokemon laying down
image_342.png,a drawing of a blue and white robot
image_343.png,a blue robot with a cross on it's chest
image_344.png,a drawing of a blue dragon with red eyes
image_345.png,a stylized image of a robot with a helmet on
image_346.png,a paper model of a blue object
image_347.png,a cartoon character with red eyes and arms
image_348.png,a drawing of a cat sitting on top of a flower
image_349.png,a drawing of a purple and white pokemon
image_350.png,a very cute looking pokemon with big eyes
image_351.png,a drawing of a bird flying through the air
image_352.png,a drawing of a blue and silver pokemon
image_353.png,a blue and yellow bird with long wings
image_354.png,a blue and white fish with red accents
image_355.png,a red and black dragon with a red crown on it's head
image_356.png,a red and white paper model of a dragon
image_357.png,a drawing of a green and yellow dragon
image_358.png,a drawing of a green and yellow dragon
image_359.png,a cartoon character with a star hat on
image_360.png,a drawing of an orange and blue creature
image_361.png,a cartoon character with a strange look on his face
image_362.png,a drawing of a cartoon character holding a large object
image_363.png,a drawing of a cartoon character with long legs
image_364.png,a cartoon of a pikachu with a leaf on its head
image_365.png,a cartoon turtle with a tree on its back
image_366.png,a green and brown animal with a tree on top of it
image_367.png,a drawing of a pink cat with big blue eyes
image_368.png,a drawing of a cartoon monkey holding a stick
image_369.png,a cartoon monkey with a blue mask on
image_370.png,a very cute looking pokemon character with a fire on it's face
image_371.png,a blue and white bird flying through the air
image_372.png,a blue and white bird with a yellow beak
image_373.png,a black and white bird with blue wings
image_374.png,a cartoon bird sitting on top of a white surface
image_375.png,a cartoon bird with an angry look on its face
image_376.png,a drawing of a bird with a hat on its head
image_377.png,a brown and white animal with a black nose
image_378.png,a drawing of a cartoon character holding a flame
image_379.png,a picture of a pink and white animal with blue eyes
image_380.png,a cartoon animal with a big smile on its face
image_381.png,a very cute looking animal with horns on it's head
image_382.png,a red and black cartoon character holding a sword
image_383.png,a cartoon elephant with a star on its back
image_384.png,a drawing of a cat with a star on its tail
image_385.png,a drawing of a black cat with a yellow star
image_386.png,a green and yellow snake with a smile on its face
image_387.png,a drawing of a person with a hat on
image_388.png,a very cute looking pokemon with a big smile
image_389.png,a drawing of a cartoon character with horns and horns
image_390.png,a cartoon bat with its mouth wide open
image_391.png,a very cute looking animal with a helmet on
image_392.png,a gray and yellow dragon with large horns
image_393.png,a cartoon of a green tree with leaves
image_394.png,a cartoon character with a black cat on it's back
image_395.png,a cartoon of a pink creature with yellow eyes
image_396.png,a cartoon bird with a green leaf on its head
image_397.png,a cartoon character with a toothbrush in his mouth
image_398.png,a pink and black bird with a pink tail
image_399.png,a drawing of a yellow and black bee
image_400.png,a yellow bee with two eyes and two antennae
image_401.png,a cartoon bee with a big smile on it's face
image_402.png,a blue and white pokemon pokemon character
image_403.png,a cartoon character flying through the air
image_404.png,a drawing of a fox with wings on it's back
image_405.png,a blue and purple dragon with a black mouth
image_406.png,a pink object with a green leaf on top of it
image_407.png,a drawing of a purple eggplant with a green leaf
image_408.png,a yellow and pink pokemon pikachu with big eyes
image_409.png,a blue and yellow animal with horns on it's head
image_410.png,a pink and white cartoon animal with a yellow tail
image_411.png,a blue and green bird with a yellow tail
image_412.png,a pink and brown animal sitting on top of a white surface
image_413.png,a cartoon monkey with two hands up in the air
image_414.png,a purple bird with a white cloud on its head
image_415.png,a purple bird with a yellow cross on it's head
image_416.png,a cartoon bunny flying through the air
image_417.png,a drawing of a cartoon character flying through the air
image_418.png,a very cute looking animal with big ears
image_419.png,a cartoon character with a purple hat and purple hair
image_420.png,a blueberry with a green leaf on it's head
image_421.png,a cartoon bird with a hat on its head
image_422.png,a cartoon cat is holding onto a leash
image_423.png,a drawing of a pokemon pokemon character
image_424.png,a cartoon character flying through the air
image_425.png,a drawing of a purple and white animal
image_426.png,a drawing of a purple and white animal
image_427.png,a blue object with two yellow eyes
image_428.png,a blue bell with red eyes on a white background
image_429.png,a cartoon character with three green balls on his head
image_430.png,a cartoon character flying through the air
image_431.png,a cartoon character with a strange hair style
image_432.png,a pink and white animal sitting on top of a white surface
image_433.png,a colorful bird with a black beak and a red beak
image_434.png,a picture of a pink monster with green eyes
image_435.png,a drawing of a shark with its mouth open
image_436.png,a drawing of a blue and red dragon
image_437.png,a drawing of a blue and orange pokemon
image_438.png,a drawing of a blue and red pokemon
image_439.png,a very cute looking cartoon character with a big smile
image_440.png,a drawing of a blue and black pokemon
image_441.png,a drawing of a pokemon character with re
image_442.png,a drawing of a cartoon character with a blue and yellow outfit
image_443.png,a brown and white animal with a big nose
image_444.png,a cartoon character holding a giant pink donut
image_445.png,a cartoon dinosaur laying on the ground with its mouth open
image_446.png,a blue and white cartoon character with horns
image_447.png,a very cute looking purple pokemon character
image_448.png,a blue pokemon character with yellow eyes and a white shirt
image_449.png,a cartoon character with a red ball in his hand
image_450.png,a drawing of a green creature with a long tail
image_451.png,a cartoon character with a pink and blue tail
image_452.png,a black and white fish with pink eyes
image_453.png,a blue bird with a big smile on it's face
image_454.png,a drawing of a pokemon with a hat on top of it
image_455.png,a drawing of a spider with big eyes
image_456.png,a picture of a white and green monster
image_457.png,a white and green pokemon pokemon character
image_458.png,a drawing of a cartoon character in a red and blue outfit
image_459.png,a cartoon car with a yellow top on it
image_460.png,a pink and yellow cartoon character holding a banana
image_461.png,a drawing of a small animal with orange and gray colors
image_462.png,a cartoon of a blue creature with pink feet
image_463.png,a very cute looking cartoon character with big eyes
image_464.png,a cartoon character is holding a large object
image_465.png,a cartoon character flying through the air
image_466.png,a green and red insect flying through the air
image_467.png,a cartoon picture of a crab wearing a hat
image_468.png,a drawing of a small animal with green leaves
image_469.png,a blue and white cartoon dog with a hat on
image_470.png,a cartoon character with a bat on his back
image_471.png,a very cute looking animal with a big nose
image_472.png,a red and blue toy flying through the air
image_473.png,a drawing of a bird flying through the air
image_474.png,a drawing of a cartoon character with a green hat
image_475.png,a cartoon bird with a pink hat on its head
image_476.png,a cartoon character in grey and yellow
image_477.png,a drawing of a cartoon character holding a surfboard
image_478.png,a cartoon character flying through the air
image_479.png,a picture of a cartoon character with two arrows
image_480.png,a cartoon picture of a cat with a helmet on
image_481.png,an orange and green robot with a smile on it's face
image_482.png,an orange and blue cartoon character with big eyes
image_483.png,a cartoon character with a lightning bolt
image_484.png,a cartoon character with a pink nose and purple hair
image_485.png,a drawing of a pokemon with a big smile
image_486.png,a drawing of a pink and blue pokemon
image_487.png,a drawing of a pokemon with a blue hat
image_488.png,a blue and white pokemon type pokemon type pokemon type pokemon type pokemon type pokemon type
image_489.png,a drawing of a white and purple pokemon
image_490.png,a very cute looking animal with big eyes
image_491.png,a robot with a yellow helmet and green legs
image_492.png,a very cute looking pokemon with big wings
image_493.png,a drawing of a very cute looking pokemon
image_494.png,a cartoon bird flying through the air
image_495.png,a blue stuffed animal sitting on top of a white surface
image_496.png,a drawing of a purple butterfly with big eyes
image_497.png,a very cute looking cartoon character with big eyes
image_498.png,a drawing of a black and white cat with green eyes
image_499.png,a drawing of a cat with a flower on its back
image_500.png,a drawing of a green and white bird
image_501.png,a drawing of a white and black pokemon
image_502.png,a very cute looking pokemon with a big hat on
image_503.png,a green and yellow bird with big eyes
image_504.png,a green and white pokemon with leaves on its back
image_505.png,a drawing of a green and yellow lizard
image_506.png,a cartoon character with a big nose and a big nose
image_507.png,a very cute looking cartoon character with big eyes
image_508.png,a drawing of a red and white pokemon
image_509.png,a cartoon character with a pink nose sitting in a pile of rocks
image_510.png,a very cute looking pokemon character with big eyes
image_511.png,a cartoon character is holding a baseball bat
image_512.png,a drawing of a cat sitting on top of a ball
image_513.png,a drawing of a blue and yellow pokemon
image_514.png,a cartoon character with a big smile on his face
image_515.png,a drawing of a cartoon character in a striped outfit
image_516.png,a very cute looking pokemon with big eyes
image_517.png,a drawing of a small dog with big eyes
image_518.png,a very cute looking animal with big eyes
image_519.png,a drawing of a cat with green eyes
image_520.png,a group of three brown rocks sitting on top of a pile of dirt
image_521.png,a drawing of a cat with yellow and purple markings
image_522.png,a green and yellow cartoon character with big eyes
image_523.png,a green and yellow pokemon character
image_524.png,a drawing of a red and yellow pokemon character
image_525.png,a very cute looking pokemon character with big ears
image_526.png,a cartoon character with blue hair and a blue hat
image_527.png,a drawing of a cartoon character with blue hair
image_528.png,a drawing of a pink ball with a flower on it
image_529.png,a cartoon character sleeping on top of a ball
image_530.png,a bird with yellow eyes and a black beak
image_531.png,a drawing of a cat that is smiling
image_532.png,a black and white bird with a red beak
image_533.png,a cartoon bird with a pink beak and a green tail
image_534.png,a black and white animal with a lightning bolt on its head
image_535.png,a black and white zebra standing next to a star
image_536.png,a paper model of a tortoise shell
image_537.png,a close up of a very cute looking pokemon
image_538.png,a very cute looking pokemon with big eyes
image_539.png,a blue and black bat with black wings
image_540.png,a cartoon of a flying bat with a heart on it's chest
image_541.png,a cartoon character with a big smile on his face
image_542.png,a drawing of a cat with red eyes
image_543.png,a very cute looking animal with a big nose
image_544.png,a drawing of an animal with wings and a tail
image_545.png,a pink and white cartoon character with blue eyes
image_546.png,a cartoon mouse with a pink shirt and tie
image_547.png,a cartoon character holding a large piece of wood
image_548.png,a cartoon character holding onto a pole
image_549.png,a cartoon character with a smile on his face
image_550.png,a blue and black animal with a hat on it's head
image_551.png,a blue and black cartoon character with big eyes
image_552.png,a cartoon character in a karate outfit
image_553.png,a drawing of a cartoon character in blue and black
image_554.png,a drawing of a cartoon bird with a surprised look on its face
image_555.png,a cartoon bird with a green leaf around its neck
image_556.png,a green cartoon character with a sad look
image_557.png,a drawing of a green plant with a yellow face
image_558.png,a pink and green cartoon character with large eyes
image_559.png,a very cute looking animal with horns on it's head
image_560.png,a very cute looking cartoon character with big horns
image_561.png,a green and white cloud with two orange eyes
image_562.png,a drawing of a cartoon character with green eyes
image_563.png,a cartoon character with a green leaf on top of it
image_564.png,a cartoon character with a crown on his head
image_565.png,a drawing of a blue pokemon pokemon character
image_566.png,a cartoon green fish with a big smile on it's face
image_567.png,a drawing of a green bird with a knife in its mouth
image_568.png,a brown and black animal with big eyes
image_569.png,a drawing of a cartoon character wearing sunglasses
image_570.png,a red and black dragon standing in front of a white background
image_571.png,an image of a cartoon character flying through the air
image_572.png,a very cute looking cartoon character with big eyes
image_573.png,a green and yellow cartoon character holding a flower
image_574.png,a cartoon picture of a giant rock with eyes
image_575.png,a cartoon picture of a giant spider crawling out of a rock
image_576.png,a very cute looking cartoon character with big eyes
image_577.png,a drawing of a cat with its arms in the air
image_578.png,a cartoon character with a scarf around his neck
image_579.png,a cartoon bird with multicolored wings and a black beak
image_580.png,a cartoon character is holding a banana
image_581.png,a picture of a cartoon character on a cell phone
image_582.png,a cartoon turtle with a helmet on its head
image_583.png,a drawing of a blue and black pokemon
image_584.png,a very cute looking bird with big wings
image_585.png,a very cute looking pokemon with big wings
image_586.png,a very cute looking green pokemon with big eyes
image_587.png,a cartoon character sitting on the ground with a cell phone in his hand
image_588.png,a cartoon picture of a cat with its head in the air
image_589.png,a drawing of a cat with red hair and blue eyes
image_590.png,a drawing of a red and black furry animal
image_591.png,a cartoon of a white and gray animal
image_592.png,a drawing of a white rabbit holding a piece of paper
image_593.png,a purple and black animal with big eyes
image_594.png,a drawing of a black and white cat
image_595.png,a black and white cat with blue eyes
image_596.png,a picture of a cartoon character with horns
image_597.png,a cartoon character with a sad look on his face
image_598.png,a cartoon character flying through the air
image_599.png,a drawing of a furry animal sitting down
image_600.png,a blue bird with yellow feet and a yellow beak
image_601.png,a white and blue bird with a yellow beak
image_602.png,a cartoon character with a big smile on his face
image_603.png,a blue and white cartoon character flying through the air
image_604.png,a drawing of a blue and white object floating in water
image_605.png,a drawing of a deer with a bow on its head
image_606.png,a pink and yellow deer with a yellow bow on its head
image_607.png,a green and yellow animal with a yellow bow on its head
image_608.png,a cartoon deer with a yellow bow on its head
image_609.png,a drawing of a deer standing under a tree
image_610.png,a drawing of a deer with flowers on its antlers
image_611.png,a cartoon of a deer with a tree on its back
image_612.png,a drawing of a deer with antlers on it's head
image_613.png,a cartoon character flying through the air
image_614.png,a blue and yellow cartoon character with its mouth open
image_615.png,a drawing of a cartoon character flying through the air
image_616.png,a drawing of a furry animal wearing a vest
image_617.png,a mushroom with a pink nose and a brown cap
image_618.png,a cartoon character with a mushroom on his head
image_619.png,a blue and white cartoon character with red eyes
image_620.png,a blue and white cartoon character with a crown on his head
image_621.png,a drawing of a pink fish with blue eyes
image_622.png,a drawing of a pikachu with blue eyes
image_623.png,a very cute looking pokemon pikachu with big eyes
image_624.png,a drawing of a ball with spikes on it
image_625.png,a drawing of a flying object with green eyes
image_626.png,a couple of gears with eyes on them
image_627.png,a cartoon of a blue and black dragon
image_628.png,a drawing of a fire breathing dragon
image_629.png,a cartoon of a fire breathing dragon
image_630.png,a cartoon character with a target in his mouth
image_631.png,a couple of gears sitting next to each other
image_632.png,a close up of a metal object on a white background
image_633.png,a white object with a yellow line on it
image_634.png,a cartoon fish with a big smile on it's face
image_635.png,a drawing of a blue and yellow dragon
image_636.png,a drawing of a cartoon character holding a tennis racket
image_637.png,a cartoon character with green eyes and a hat
image_638.png,a candle with a blue flame on top of it
image_639.png,a black and white picture of a cat wearing a witches hat
image_640.png,a blue and black chandelier with flames coming out of it
image_641.png,a blue and white cartoon character holding a target
image_642.png,a drawing of a green and black pokemon
image_643.png,a very cute looking pokemon with a big beak
image_644.png,a drawing of a green and black dragon
image_645.png,a cartoon elephant with a sad look on its face
image_646.png,a white bear with a blue ribbon around its neck
image_647.png,a blue and white cube is shown in the shape of a cube
image_648.png,a cartoon character with a big smile on his face
image_649.png,a drawing of a cartoon character flying through the air
image_650.png,a cartoon bird with a hat on its head
image_651.png,a drawing of a cartoon character with a boxing glove
image_652.png,a blue cartoon character with a target in his hand
image_653.png,a drawing of a cartoon character in purple and white
image_654.png,a red and blue dragon with its mouth open
image_655.png,a stylized image of a blue and brown robot
image_656.png,an image of a cartoon character in a blue outfit
image_657.png,a cartoon character with a sword in his hand
image_658.png,a cartoon character with a sword in his hand
image_659.png,a cartoon bison with horns and horns on it's head
image_660.png,a blue and white bird with a red beak
image_661.png,a cartoon bird with a re
image_662.png,a pokemon ball with a bird on top of it
image_663.png,a drawing of a yellow pokemon sitting on the ground
image_664.png,a bird with a large beak and a large beak
image_665.png,a cartoon bird with a red and yellow striped shirt
image_666.png,a drawing of a spider on a white background
image_667.png,a drawing of a pokemon with blue eyes
image_668.png,a drawing of a pokemon pokemon with its mouth open
image_669.png,a very cute looking pokemon with big wings
image_670.png,a drawing of an animal with blue eyes
image_671.png,a drawing of a flower with a bird on it
image_672.png,a drawing of a blue and white pokemon
image_673.png,a very cute looking animal with big ears
image_674.png,a cartoon character with a fork and spoon in his hand
image_675.png,a drawing of a green and white pokemon
image_676.png,a drawing of a cartoon character on a cloud
image_677.png,a green and purple cartoon character with wings
image_678.png,a drawing of a cartoon character flying through the air
image_679.png,a very cute looking cartoon character with big eyes
image_680.png,a drawing of a white pokemon with wings
image_681.png,a drawing of a black and gray dragon
image_682.png,a cartoon character with a hat on top of his head
image_683.png,a very cute looking pokemon with big eyes
image_684.png,a cartoon of a black and white pokemon
image_685.png,a drawing of a pokemon type pokemon type pokemon type pokemon type pokemon type pokemon type
image_686.png,a drawing of a pokemon type pokemon type pokemon type pokemon type pokemon type pokemon type
image_687.png,a drawing of a pony with red hair
image_688.png,a drawing of a pony with a blue tail
image_689.png,a drawing of a person with a hat on
image_690.png,a drawing of a cartoon character with long hair
image_691.png,a drawing of a purple creature with a big smile on it's face
image_692.png,a picture of a cartoon character with spoons and spoons
image_693.png,a drawing of a yellow and black pokemon
image_694.png,a drawing of a cartoon character with a green hat
image_695.png,a cartoon character flying through the air
image_696.png,a picture of a cartoon character in a costume
image_697.png,a drawing of a yellow and red pokemon
image_698.png,a drawing of a fox with a red tail
image_699.png,a drawing of a red and yellow bird holding a stick
image_700.png,a blue and white cartoon character with big eyes
image_701.png,a blue and white cartoon character running
image_702.png,a picture of a cartoon character with blue and yellow hair
image_703.png,a cartoon rabbit with a scarf around its neck
image_704.png,a drawing of a cartoon character with a big smile on his face
image_705.png,a cartoon bunny holding a piece of cheese
image_706.png,a bird with an arrow in its beak
image_707.png,a small bird with a black and white tail
image_708.png,a red bird with black wings flying through the air
image_709.png,a cartoon character flying through the air
image_710.png,a drawing of a cartoon character with eyes and a nose
image_711.png,a picture of a butterfly made out of paper
image_712.png,a picture of a yellow butterfly on a white background
image_713.png,a purple butterfly with orange and pink stripes
image_714.png,a colorful butterfly is shown on a white background
image_715.png,a green butterfly with red and black wings
image_716.png,a picture of a butterfly that is orange and green
image_717.png,a black and white photo of a butterfly
image_718.png,a green and brown butterfly on a white background
image_719.png,a blue butterfly with white stripes on its wings
image_720.png,a pink butterfly with black wings and a white background
image_721.png,a butterfly with a flag on it's wings
image_722.png,a picture of a butterfly with blue and black wings
image_723.png,a colorful butterfly that is on a white background
image_724.png,a red and black butterfly sitting on top of a white background
image_725.png,a blue butterfly with white dots on it's wings
image_726.png,a yellow and blue butterfly sitting on top of a white surface
image_727.png,a yellow and black butterfly on a white background
image_728.png,a blue and yellow butterfly with yellow stripes
image_729.png,a yellow and red butterfly on a white background
image_730.png,a blue butterfly with white dots on its wings
image_731.png,a pink butterfly with a black and white stripe on it's wings
image_732.png,a cartoon animal with a red mohawk on its head
image_733.png,a drawing of a cat with blue eyes
image_734.png,a cartoon character is sitting on a flower
image_735.png,a drawing of a cartoon character with his hands on his hips
image_736.png,a cartoon character with a flower on his head
image_737.png,a drawing of a flower with green leaves
image_738.png,a cartoon of a horned animal with a green scarf around its neck
image_739.png,a drawing of a horned animal with horns
image_740.png,a cartoon panda with a leaf in its mouth
image_741.png,a drawing of a panda smoking a cigarette
image_742.png,a cartoon sheep is holding a hot dog
image_743.png,a black and white poodle with a heart on its tail
image_744.png,a drawing of a black and white poodle
image_745.png,a drawing of a furry white dog with red eyes
image_746.png,a drawing of a cartoon character with big eyes
image_747.png,a drawing of a blue and white cat with big eyes
image_748.png,a drawing of a blue and a brown monster
image_749.png,a cartoon of a man with his arms in the air
image_750.png,a drawing of a pair of owls with pink wings
image_751.png,a yellow and black tie and a purple and white tie
image_752.png,a drawing of a cartoon character with wings
image_753.png,a couple of cartoon style items on a white background
image_754.png,a pink bird with orange eyes and a pink tail
image_755.png,a drawing of a purple monster with big eyes
image_756.png,a white cloud with pink eyes and a pink nose
image_757.png,a cartoon character with pink hair and a pom pom on top of it
image_758.png,a cartoon character with a hat on his head
image_759.png,a drawing of a cartoon character with blue hair
image_760.png,a drawing of a cartoon character with two arms in the air
image_761.png,a drawing of a cartoon character with claws
image_762.png,a drawing of a plant with a face on it
image_763.png,a drawing of a cartoon character with a big smile
image_764.png,a drawing of a lizard with a flower on its head
image_765.png,a cartoon character flying through the air
image_766.png,a blue bird with a yellow beak on it's head
image_767.png,a yellow and black pokemon with big blue eyes
image_768.png,a drawing of a cartoon character in a yellow outfit
image_769.png,a drawing of a dragon with its mouth open
image_770.png,a cartoon of a red and white dragon
image_771.png,a drawing of a blue bird with a yellow crown on its head
image_772.png,a drawing of a blue dinosaur with wings
image_773.png,a drawing of a blue and brown turtle
image_774.png,a yellow and green animal with its mouth open
image_775.png,a drawing of a pink and blue pokemon
image_776.png,a drawing of a bird with a long tail
image_777.png,a yellow and black cartoon character with big ears
image_778.png,a gray and white pokemon ball with blue eyes
image_779.png,a purple and green bird with a long tail
image_780.png,a white and purple cartoon character with green eyes
image_781.png,a drawing of a purple and green dragon
image_782.png,a drawing of a key with a face on it
image_783.png,a cartoon character with a weird look on his face
image_784.png,a drawing of a creature with two green leaves
image_785.png,a cartoon character with a green leaf on his head
image_786.png,a drawing of a pumpkin with a bird on top of it
image_787.png,a drawing of a pumpkin with a bird on top of it
image_788.png,a close up of a cartoon character with big eyes
image_789.png,a picture of a piece of clothing with a scarf on top of it
image_790.png,a drawing of a cartoon character flying through the air
image_791.png,a drawing of a dragon with a green and white tail
image_792.png,a drawing of a deer with colorful feathers on it's head
image_793.png,a drawing of a red and black dragon
image_794.png,a green and black bird with spots on it's wings
image_795.png,a drawing of a woman in a pink dress
image_796.png,a drawing of a woman standing on top of a rock
image_797.png,a close up of a cartoon character on a white background
image_798.png,a drawing of a cartoon character in pink and grey
image_799.png,a cartoon character holding onto a ring
image_800.png,a drawing of a red and yellow dragon
image_801.png,a blue jellyfish with red eyes and a red nose
image_802.png,a drawing of a cartoon character with arms and legs
image_803.png,a drawing of a creature with a big smile on its face
image_804.png,a cartoon picture of a giant turtle with its mouth open
image_805.png,a picture of a unicorn with orange hair
image_806.png,a picture of a white horse with orange and yellow flames
image_807.png,a pink animal laying on top of a white floor
image_808.png,a cartoon picture of a blue and white pokemon
image_809.png,a cartoon character is holding a large object
image_810.png,a pink and a blue pokemon sitting next to each other
image_811.png,a drawing of a cartoon character holding a wrench
image_812.png,a drawing of a group of cartoon characters
image_813.png,a bird with a scarf around its neck
image_814.png,a cartoon of two birds standing next to each other
image_815.png,a drawing of a bird with two wings
image_816.png,a drawing of a cartoon seal with its mouth open
image_817.png,a white ghost floating in the air
image_818.png,a purple cartoon character pointing at something
image_819.png,a cartoon of a purple sea creature with its mouth open
image_820.png,a drawing of a cartoon character holding a gun
image_821.png,a drawing of a turtle holding a roll of toilet paper
image_822.png,a cartoon character with a tongue sticking out
image_823.png,an image of a cartoon character in a shell
image_824.png,a black and white cartoon character with big eyes
image_825.png,a drawing of a cat with a hat on it's head
image_826.png,a drawing of an angry looking animal with red and purple stripes
image_827.png,a very cute looking pokemon character with big eyes
image_828.png,a cartoon picture of a stone dragon
image_829.png,a drawing of a yellow and gray pokemon character
image_830.png,a drawing of a cat with a wheel in his hand
image_831.png,a drawing of a cartoon character with two eyes
image_832.png,a drawing of a cartoon character laying on the ground
